;nome;sexo
0;MARIA;F
1;ANA;F
2;FRANCISCA;F
3;ANTONIA;F
4;ADRIANA;F
5;JULIANA;F
6;MARCIA;F
7;FERNANDA;F
8;PATRICIA;F
9;ALINE;F
10;SANDRA;F
11;CAMILA;F
12;AMANDA;F
13;BRUNA;F
14;JESSICA;F
15;LETICIA;F
16;JULIA;F
17;LUCIANA;F
18;VANESSA;F
19;MARIANA;F
20;GABRIELA;F
21;VERA;F
22;VITORIA;F
23;LARISSA;F
24;CLAUDIA;F
25;BEATRIZ;F
26;RITA;F
27;LUANA;F
28;SONIA;F
29;RENATA;F
30;ELIANE;F
31;JOSEFA;F
32;SIMONE;F
33;NATALIA;F
34;CRISTIANE;F
35;CARLA;F
36;DEBORA;F
37;ROSANGELA;F
38;JAQUELINE;F
39;ROSA;F
40;APARECIDA;F
41;DANIELA;F
42;MARLENE;F
43;TEREZINHA;F
44;RAIMUNDA;F
45;ANDREIA;F
46;FABIANA;F
47;LUCIA;F
48;RAQUEL;F
49;ANGELA;F
50;RAFAELA;F
51;JOANA;F
52;LUZIA;F
53;ELAINE;F
54;REGINA;F
55;DANIELE;F
56;SUELI;F
57;DAIANE;F
58;ALESSANDRA;F
59;ISABEL;F
60;SARA;F
61;BIANCA;F
62;FLAVIA;F
63;ERICA;F
64;VIVIANE;F
65;SILVANA;F
66;PRISCILA;F
67;PAULA;F
68;LUIZA;F
69;TEREZA;F
70;ISABELA;F
71;MARTA;F
72;CAROLINE;F
73;JANAINA;F
74;LAURA;F
75;MARLI;F
76;TATIANE;F
77;MARINA;F
78;SILVIA;F
79;MONICA;F
80;TAIS;F
81;MICHELE;F
82;SOLANGE;F
83;EDNA;F
84;FATIMA;F
85;HELENA;F
86;CRISTINA;F
87;ALICE;F
88;CAROLINA;F
89;ROSANA;F
90;ANDRESSA;F
91;CELIA;F
92;VALERIA;F
93;ELIANA;F
94;SABRINA;F
95;ANDREA;F
96;TANIA;F
97;BARBARA;F
98;THAIS;F
99;DENISE;F
100;ROSELI;F
101;GISELE;F
102;MARILENE;F
103;KATIA;F
104;EVA;F
105;MILENA;F
106;EDUARDA;F
107;ELISANGELA;F
108;VILMA;F
109;GEOVANA;F
110;LUCIENE;F
111;TAMIRES;F
112;TATIANA;F
113;ROBERTA;F
114;ELZA;F
115;TALITA;F
116;MARCELA;F
117;PAMELA;F
118;VANIA;F
119;IRENE;F
120;JOSIANE;F
121;LIVIA;F
122;CINTIA;F
123;IVONE;F
124;LAIS;F
125;BENEDITA;F
126;SEBASTIANA;F
127;TAINA;F
128;JOICE;F
129;MIRIAN;F
130;ELIZABETE;F
131;ANGELICA;F
132;GABRIELE;F
133;BRENDA;F
134;VERONICA;F
135;ROSILENE;F
136;KARINA;F
137;NAIR;F
138;NEUSA;F
139;MARGARIDA;F
140;NEUZA;F
141;NEIDE;F
142;RAISSA;F
143;MAIARA;F
144;LORENA;F
145;FRANCIELE;F
146;SAMARA;F
147;LILIAN;F
148;JANETE;F
149;CICERA;F
150;GIOVANA;F
151;SEVERINA;F
152;LARA;F
153;CLEIDE;F
154;NICOLE;F
155;CECILIA;F
156;YASMIN;F
157;CONCEICAO;F
158;INGRID;F
159;SELMA;F
160;LEILA;F
161;RAIANE;F
162;ESTER;F
163;REGIANE;F
164;MARISA;F
165;EUNICE;F
166;KELLY;F
167;TAINARA;F
168;IARA;F
169;JOELMA;F
170;MARINALVA;F
171;TERESINHA;F
172;REBECA;F
173;GERALDA;F
174;CLEONICE;F
175;ALEXANDRA;F
176;MARA;F
177;JENIFER;F
178;ELIZANGELA;F
179;LILIANE;F
180;LIDIA;F
181;IRACEMA;F
182;LIDIANE;F
183;IRACI;F
184;MARILIA;F
185;SHEILA;F
186;INES;F
187;NAIARA;F
188;POLIANA;F
189;DALVA;F
190;LURDES;F
191;TERESA;F
192;ZILDA;F
193;LUCILENE;F
194;CLARA;F
195;ROSANE;F
196;IVONETE;F
197;LUCIANE;F
198;ISADORA;F
199;NILZA;F
200;JOSE;M
201;JOAO;M
202;ANTONIO;M
203;FRANCISCO;M
204;CARLOS;M
205;PAULO;M
206;PEDRO;M
207;LUCAS;M
208;LUIZ;M
209;MARCOS;M
210;LUIS;M
211;GABRIEL;M
212;RAFAEL;M
213;DANIEL;M
214;MARCELO;M
215;BRUNO;M
216;EDUARDO;M
217;FELIPE;M
218;RAIMUNDO;M
219;RODRIGO;M
220;MANOEL;M
221;MATEUS;M
222;ANDRE;M
223;FERNANDO;M
224;FABIO;M
225;LEONARDO;M
226;GUSTAVO;M
227;GUILHERME;M
228;LEANDRO;M
229;TIAGO;M
230;ANDERSON;M
231;RICARDO;M
232;MARCIO;M
233;JORGE;M
234;SEBASTIAO;M
235;ALEXANDRE;M
236;ROBERTO;M
237;EDSON;M
238;DIEGO;M
239;VITOR;M
240;SERGIO;M
241;CLAUDIO;M
242;MATHEUS;M
243;THIAGO;M
244;GERALDO;M
245;ADRIANO;M
246;LUCIANO;M
247;JULIO;M
248;RENATO;M
249;ALEX;M
250;VINICIUS;M
251;ROGERIO;M
252;SAMUEL;M
253;RONALDO;M
254;MARIO;M
255;FLAVIO;M
256;DOUGLAS;M
257;IGOR;M
258;DAVI;M
259;MANUEL;M
260;JEFERSON;M
261;CICERO;M
262;VICTOR;M
263;MIGUEL;M
264;ROBSON;M
265;MAURICIO;M
266;DANILO;M
267;HENRIQUE;M
268;CAIO;M
269;REGINALDO;M
270;JOAQUIM;M
271;BENEDITO;M
272;GILBERTO;M
273;MARCO;M
274;ALAN;M
275;NELSON;M
276;CRISTIANO;M
277;ELIAS;M
278;WILSON;M
279;VALDIR;M
280;EMERSON;M
281;LUAN;M
282;DAVID;M
283;RENAN;M
284;SEVERINO;M
285;FABRICIO;M
286;MAURO;M
287;JONAS;M
288;GILMAR;M
289;JEAN;M
290;FABIANO;M
291;WESLEY;M
292;DIOGO;M
293;ADILSON;M
294;JAIR;M
295;ALESSANDRO;M
296;EVERTON;M
297;OSVALDO;M
298;GILSON;M
299;WILLIAN;M
300;JOEL;M
301;SILVIO;M
302;HELIO;M
303;MAICON;M
304;REINALDO;M
305;PABLO;M
306;ARTUR;M
307;VAGNER;M
308;VALTER;M
309;CELSO;M
310;IVAN;M
311;CLEITON;M
312;VANDERLEI;M
313;VICENTE;M
314;ARTHUR;M
315;MILTON;M
316;DOMINGOS;M
317;WAGNER;M
318;SANDRO;M
319;MOISES;M
320;EDILSON;M
321;ADEMIR;M
322;ADAO;M
323;EVANDRO;M
324;CESAR;M
325;VALMIR;M
326;MURILO;M
327;JULIANO;M
328;EDVALDO;M
329;AILTON;M
330;JUNIOR;M
331;BRENO;M
332;NICOLAS;M
333;RUAN;M
334;ALBERTO;M
335;RUBENS;M
336;NILTON;M
337;AUGUSTO;M
338;CLEBER;M
339;OSMAR;M
340;NILSON;M
341;ORLANDO;M
342;HUGO;M
343;OTAVIO;M
344;VINICIOS;M
345;ITALO;M
346;WILIAN;M
347;ALISSON;M
348;APARECIDO;M
349;ISRAEL;M
350;EDMILSON;M
351;JOSUE;M
352;GERSON;M
353;CAUA;M
354;SIDNEI;M
355;EMANUEL;M
356;VALDEMAR;M
357;JAIME;M
358;EDIVALDO;M
359;ARNALDO;M
360;MOACIR;M
361;DAMIAO;M
362;ISMAEL;M
363;NIVALDO;M
364;JAIRO;M
365;ISAIAS;M
366;MICHEL;M
367;ANGELO;M
368;CRISTIAN;M
369;WELLINGTON;M
370;ALEXANDRO;M
371;VALDEMIR;M
372;WANDERSON;M
373;JAILSON;M
374;DENIS;M
375;RIAN;M
376;CELIO;M
377;CLAUDINEI;M
378;DENILSON;M
379;IAGO;M
380;EDER;M
381;YURI;M
382;CHARLES;M
383;MARLON;M
384;ALISON;M
385;JONATAN;M
386;ERIC;M
387;ELTON;M
388;VALDECIR;M
389;WESLEI;M
390;NATANAEL;M
391;ERICK;M
392;AGNALDO;M
393;KAUAN;M
394;ODAIR;M
395;WALTER;M
396;ARLINDO;M
397;MICHAEL;M
398;ALVARO;M
399;GEOVANE;M
